CS,Variable,Index,PIP,Coverage,MinAbsCorr
CS1,eGFR,7,1,1,1
CS2,BMXBMI,2,0.999999999997794,0.999999999997794,1
CS3,DMDEDUC2,6,1,1,1
CS4,LBXSLDSI,13,0.9999999999997751,0.9999999999997751,1
CS5,DMQMILIZ,33,0.9999991746017622,0.9999991746017287,1
CS6,DRXTNIAC,35,0.9753954091526124,0.9753954083544921,1
CS7,Dia_BP,4,0.9999999999998788,0.9999999999998788,1
CS8,Sys_BP,18,1,1,1
CS9,RIDAGEYR,1,0.9999994521910838,0.9999994521910606,1
CS10,LBXSKSI,12,0.9971109420792607,0.9971109420695536,1
