CS,Variable,Index,PIP,Coverage,MinAbsCorr
CS1,eGFR,7,1,1,1
CS2,BMXBMI,2,0.9999999998804207,0.999999999880391,1
CS3,DMDEDUC2,6,1,1,1
CS4,LBXSLDSI,13,0.9999999999999043,0.9999999999999043,1
CS5,Dia_BP,4,0.9999999999999996,0.9999999999999996,1
CS6,Sys_BP,18,1,1,1
CS7,RIAGENDR,17,0.9999999996618777,0.9999999996618472,1
CS8,LBXHGB,10,0.9999944221455107,0.999994421473723,1
CS9,LBXSKSI,12,0.9999226354945191,0.9999226282583255,1
CS10,RIDAGEYR,1,0.9934511590022197,0.9934511516777353,1
