CS,Size,Coverage,MinAbsCorr,MeanAbsCorr,MedianAbsCorr
CS1,1,1,1,1,1
CS2,1,0.9999076826550043,1,1,1
CS3,1,1,1,1,1
CS4,1,1,1,1,1
CS5,1,0.990447474360169,1,1,1
CS6,1,0.9999999935568593,1,1,1
CS7,1,0.9999999409484311,1,1,1
CS8,1,0.9999999999999716,1,1,1
CS9,1,0.9989416946281653,1,1,1
CS10,2,0.9993613277544078,0.9750270288319187,0.9750270288319187,0.9750270288319187
