CS,Size,Coverage,MinAbsCorr,MeanAbsCorr,MedianAbsCorr
CS1,1,1,1,1,1
CS2,1,1,1,1,1
CS3,1,1,1,1,1
CS4,1,1,1,1,1
CS5,1,1,1,1,1
CS6,1,0.999999051990513,1,1,1
CS7,1,0.9999999995784496,1,1,1
CS8,1,1,1,1,1
CS9,1,1,1,1,1
CS10,2,0.9543453130772315,0.9750270288319187,0.9750270288319187,0.9750270288319187
