CS,Variable,Index,Z_Score,PIP
CS10,VNEGFR,248,-28.352018903838477,0.6871315306950926
CS10,VNEGFRADJ,249,-28.13354721746023,0.26721378238235194
