CS,Variable,Index,Z_Score,PIP
CS10,VNEGFR,248,-28.352018903838477,0.41931669692949314
CS10,VNEGFRADJ,249,-28.13354721746023,0.5864903141900045
